진료과,성명,진료분야,오전,오후,자연어
가정의학과,조경희,"건강증진,어르신클리닉","화,금",월,"가정의학과 조경희선생님의 진료분야는 건강증진,어르신클리닉이며 진료가능한 진료일정은 (오전) 화,금, (오후) 월입니다."
가정의학과,이상현,"노인병,갱년기,기억력저하","월,목,금",화,"가정의학과 이상현선생님의 진료분야는 노인병,갱년기,기억력저하이며 진료가능한 진료일정은 (오전) 월,목,금, (오후) 화입니다."
가정의학과,최영은,"갱년기,비만,비만클리닉","화,수",금,"가정의학과 최영은선생님의 진료분야는 갱년기,비만,비만클리닉이며 진료가능한 진료일정은 (오전) 화,수, (오후) 금입니다."
가정의학과,박성배,"복합만성질환,건강증진,생활습관병,복합질환완결형클리닉,암센터,암평생건강클리닉","수,토(순환)","월,목","가정의학과 박성배선생님의 진료분야는 복합만성질환,건강증진,생활습관병,복합질환완결형클리닉,암센터,암평생건강클리닉이며 진료가능한 진료일정은 (오전) 수,토(순환), (오후) 월,목입니다."
가정의학과,김영성,"호스피스,건강증진","월,목,토(순환)",수,"가정의학과 김영성선생님의 진료분야는 호스피스,건강증진이며 진료가능한 진료일정은 (오전) 월,목,토(순환), (오후) 수입니다."
가정의학과,박영민,"호스피스,건강검진,노인건강증진,만성통증,암센터,암평생건강클리닉",토(순환),"화,목,금","가정의학과 박영민선생님의 진료분야는 호스피스,건강검진,노인건강증진,만성통증,암센터,암평생건강클리닉이며 진료가능한 진료일정은 (오전) 토(순환), (오후) 화,목,금입니다."
가정의학과,오시내,"건강증진,암경험자건강관리,비만,암센터,비만클리닉,암평생건강클리닉",진료없음,진료없음,"가정의학과 오시내선생님의 진료분야는 건강증진,암경험자건강관리,비만,암센터,비만클리닉,암평생건강클리닉이며 진료가능한 진료일정은 (오전) 진료없음, (오후) 진료없음입니다."
가정의학과,문한빛,"건강증진,비만관리,대사증후군,만성피로",진료없음,진료없음,"가정의학과 문한빛선생님의 진료분야는 건강증진,비만관리,대사증후군,만성피로이며 진료가능한 진료일정은 (오전) 진료없음, (오후) 진료없음입니다."
감염내과,최희경,"모든발열질환,패혈증,림프절종대,백신&백신이상반응클리닉,코로나19후유증클리닉,여행자클리닉","월,수,토(순환)","화,목","감염내과 최희경선생님의 진료분야는 모든발열질환,패혈증,림프절종대,백신&백신이상반응클리닉,코로나19후유증클리닉,여행자클리닉이며 진료가능한 진료일정은 (오전) 월,수,토(순환), (오후) 화,목입니다."
감염내과,최흔,"모든발열질환,패혈증,림프절종대,백신&백신이상반응클리닉,코로나19후유증클리닉,여행자클리닉","화,목,금,토(순환)",월,"감염내과 최흔선생님의 진료분야는 모든발열질환,패혈증,림프절종대,백신&백신이상반응클리닉,코로나19후유증클리닉,여행자클리닉이며 진료가능한 진료일정은 (오전) 화,목,금,토(순환), (오후) 월입니다."
감염내과,정우용,"모든발열질환,패혈증,림프절종대,백신&백신이상반응클리닉,코로나19후유증클리닉,여행자클리닉","월,화,토(순환)","수,금","감염내과 정우용선생님의 진료분야는 모든발열질환,패혈증,림프절종대,백신&백신이상반응클리닉,코로나19후유증클리닉,여행자클리닉이며 진료가능한 진료일정은 (오전) 월,화,토(순환), (오후) 수,금입니다."
국가검진센터,최은경,부인과종양질환,진료없음,진료없음,"국가검진센터 최은경선생님의 진료분야는 부인과종양질환이며 진료가능한 진료일정은 (오전) 진료없음, (오후) 진료없음입니다."
국가검진센터,이연호,"위,대장내시경",진료없음,진료없음,"국가검진센터 이연호선생님의 진료분야는 위,대장내시경이며 진료가능한 진료일정은 (오전) 진료없음, (오후) 진료없음입니다."
국가검진센터,신상윤,"위,대장내시경",진료없음,진료없음,"국가검진센터 신상윤선생님의 진료분야는 위,대장내시경이며 진료가능한 진료일정은 (오전) 진료없음, (오후) 진료없음입니다."
국가검진센터,정현주,"치과질환예방,상담",진료없음,진료없음,"국가검진센터 정현주선생님의 진료분야는 치과질환예방,상담이며 진료가능한 진료일정은 (오전) 진료없음, (오후) 진료없음입니다."
국가검진센터,채수경,"초음파검사,영상결과판독",진료없음,진료없음,"국가검진센터 채수경선생님의 진료분야는 초음파검사,영상결과판독이며 진료가능한 진료일정은 (오전) 진료없음, (오후) 진료없음입니다."
국가검진센터,민수현,"초음파검사,영상결과판독",진료없음,진료없음,"국가검진센터 민수현선생님의 진료분야는 초음파검사,영상결과판독이며 진료가능한 진료일정은 (오전) 진료없음, (오후) 진료없음입니다."
국가검진센터,최윤상,,진료없음,진료없음,"국가검진센터 최윤상선생님의 진료분야는 이며 진료가능한 진료일정은 (오전) 진료없음, (오후) 진료없음입니다."
국가검진센터,박영민,"호스피스,건강검진,노인건강증진,만성통증,암센터,암평생건강클리닉",진료없음,진료없음,"국가검진센터 박영민선생님의 진료분야는 호스피스,건강검진,노인건강증진,만성통증,암센터,암평생건강클리닉이며 진료가능한 진료일정은 (오전) 진료없음, (오후) 진료없음입니다."
국가검진센터,문한빛,"건강증진,비만관리,대사증후군,만성피로",진료없음,진료없음,"국가검진센터 문한빛선생님의 진료분야는 건강증진,비만관리,대사증후군,만성피로이며 진료가능한 진료일정은 (오전) 진료없음, (오후) 진료없음입니다."
내분비내과,남주영,"당뇨병,갑상선,고지혈증,당뇨병센터,심뇌혈관질환센터","월,화,목","화,금","내분비내과 남주영선생님의 진료분야는 당뇨병,갑상선,고지혈증,당뇨병센터,심뇌혈관질환센터이며 진료가능한 진료일정은 (오전) 월,화,목, (오후) 화,금입니다."
내분비내과,송선옥,"당뇨병,갑상선,고지혈증,당뇨병센터","월,화,수,목,토(순환)","월,수","내분비내과 송선옥선생님의 진료분야는 당뇨병,갑상선,고지혈증,당뇨병센터이며 진료가능한 진료일정은 (오전) 월,화,수,목,토(순환), (오후) 월,수입니다."
내분비내과,박경혜,"당뇨병,갑상선,뇌하수체,당뇨병센터,암센터,갑상선클리닉","수,금,토(순환)","월,수,목","내분비내과 박경혜선생님의 진료분야는 당뇨병,갑상선,뇌하수체,당뇨병센터,암센터,갑상선클리닉이며 진료가능한 진료일정은 (오전) 수,금,토(순환), (오후) 월,수,목입니다."
내분비내과,김지원,"당뇨병,갑상선,골다공증,고지혈증,기타내분비질환,당뇨병센터,심뇌혈관질환센터",진료없음,진료없음,"내분비내과 김지원선생님의 진료분야는 당뇨병,갑상선,골다공증,고지혈증,기타내분비질환,당뇨병센터,심뇌혈관질환센터이며 진료가능한 진료일정은 (오전) 진료없음, (오후) 진료없음입니다."
내분비내과,신성재,"골다공증,당뇨병,고지혈증,내분비질환,당뇨병센터,심뇌혈관질환센터,골다공증클리닉","월,수,목,토(순환)","수,금","내분비내과 신성재선생님의 진료분야는 골다공증,당뇨병,고지혈증,내분비질환,당뇨병센터,심뇌혈관질환센터,골다공증클리닉이며 진료가능한 진료일정은 (오전) 월,수,목,토(순환), (오후) 수,금입니다."
류마티스내과,박진수,"류마티스관절염,퇴행성관절염,루프스,통풍,베체트병,강직성척추염","월,수,목(네번째),토(2주)","화,수,금","류마티스내과 박진수선생님의 진료분야는 류마티스관절염,퇴행성관절염,루프스,통풍,베체트병,강직성척추염이며 진료가능한 진료일정은 (오전) 월,수,목(네번째),토(2주), (오후) 화,수,금입니다."
류마티스내과,박필규,"류마티스관절염,퇴행성관절염,루프스,통풍,베체트병,강직성척추염","화,수(2주),목,토(4주)","월,목,금","류마티스내과 박필규선생님의 진료분야는 류마티스관절염,퇴행성관절염,루프스,통풍,베체트병,강직성척추염이며 진료가능한 진료일정은 (오전) 화,수(2주),목,토(4주), (오후) 월,목,금입니다."
마취통증의학과,강상화,"심폐혈관마취,소아마취,외래마취",진료없음,진료없음,"마취통증의학과 강상화선생님의 진료분야는 심폐혈관마취,소아마취,외래마취이며 진료가능한 진료일정은 (오전) 진료없음, (오후) 진료없음입니다."
마취통증의학과,강연승,"신경외과마취,정형외과마취,통증클리닉",진료없음,진료없음,"마취통증의학과 강연승선생님의 진료분야는 신경외과마취,정형외과마취,통증클리닉이며 진료가능한 진료일정은 (오전) 진료없음, (오후) 진료없음입니다."
마취통증의학과,안은경,"정형외과마취,기도관리,통증클리닉",진료없음,진료없음,"마취통증의학과 안은경선생님의 진료분야는 정형외과마취,기도관리,통증클리닉이며 진료가능한 진료일정은 (오전) 진료없음, (오후) 진료없음입니다."
마취통증의학과,이재호,"부위마취,노인마취,수술후통증관리",진료없음,진료없음,"마취통증의학과 이재호선생님의 진료분야는 부위마취,노인마취,수술후통증관리이며 진료가능한 진료일정은 (오전) 진료없음, (오후) 진료없음입니다."
마취통증의학과,전나형,"심폐혈관마취,비뇨기과마취,외래마취",진료없음,진료없음,"마취통증의학과 전나형선생님의 진료분야는 심폐혈관마취,비뇨기과마취,외래마취이며 진료가능한 진료일정은 (오전) 진료없음, (오후) 진료없음입니다."
마취통증의학과,조정구,"산부인과마취,성형외과마취,통증클리닉",진료없음,진료없음,"마취통증의학과 조정구선생님의 진료분야는 산부인과마취,성형외과마취,통증클리닉이며 진료가능한 진료일정은 (오전) 진료없음, (오후) 진료없음입니다."
마취통증의학과,하태훈,,진료없음,진료없음,"마취통증의학과 하태훈선생님의 진료분야는 이며 진료가능한 진료일정은 (오전) 진료없음, (오후) 진료없음입니다."
마취통증의학과,선희진,,진료없음,진료없음,"마취통증의학과 선희진선생님의 진료분야는 이며 진료가능한 진료일정은 (오전) 진료없음, (오후) 진료없음입니다."
마취통증의학과,한충구,,진료없음,진료없음,"마취통증의학과 한충구선생님의 진료분야는 이며 진료가능한 진료일정은 (오전) 진료없음, (오후) 진료없음입니다."
마취통증의학과,이현주,,진료없음,진료없음,"마취통증의학과 이현주선생님의 진료분야는 이며 진료가능한 진료일정은 (오전) 진료없음, (오후) 진료없음입니다."
방사선종양학과,정은지,"유방암,부인암,폐암,두경부암,직장암등의방사선치료","월,화,수,목","월,수","방사선종양학과 정은지선생님의 진료분야는 유방암,부인암,폐암,두경부암,직장암등의방사선치료이며 진료가능한 진료일정은 (오전) 월,화,수,목, (오후) 월,수입니다."
병리과,김의정,"유방병리,두경부병리,산부인과병리",진료없음,진료없음,"병리과 김의정선생님의 진료분야는 유방병리,두경부병리,산부인과병리이며 진료가능한 진료일정은 (오전) 진료없음, (오후) 진료없음입니다."
병리과,기정혜,"신장병리,심폐병리,비뇨생식기계병리",진료없음,진료없음,"병리과 기정혜선생님의 진료분야는 신장병리,심폐병리,비뇨생식기계병리이며 진료가능한 진료일정은 (오전) 진료없음, (오후) 진료없음입니다."
병리과,김은경,"혈액병리,소화기병리,분자병리",진료없음,진료없음,"병리과 김은경선생님의 진료분야는 혈액병리,소화기병리,분자병리이며 진료가능한 진료일정은 (오전) 진료없음, (오후) 진료없음입니다."
병리과,장미,"소화기병리,간췌담도병리,분자병리",진료없음,진료없음,"병리과 장미선생님의 진료분야는 소화기병리,간췌담도병리,분자병리이며 진료가능한 진료일정은 (오전) 진료없음, (오후) 진료없음입니다."
병리과,신미경,"세포병리,갑상선병리",진료없음,진료없음,"병리과 신미경선생님의 진료분야는 세포병리,갑상선병리이며 진료가능한 진료일정은 (오전) 진료없음, (오후) 진료없음입니다."
비뇨의학과,김영식,"로봇수술,전립선암신장암,방광암,여성요실금,신장이식","월,수,목",수,"비뇨의학과 김영식선생님의 진료분야는 로봇수술,전립선암신장암,방광암,여성요실금,신장이식이며 진료가능한 진료일정은 (오전) 월,수,목, (오후) 수입니다."
비뇨의학과,고우진,"전립선암,방광암,신장암,로봇수술,전립선레이저수술,요실금수술","월,화,목",화,"비뇨의학과 고우진선생님의 진료분야는 전립선암,방광암,신장암,로봇수술,전립선레이저수술,요실금수술이며 진료가능한 진료일정은 (오전) 월,화,목, (오후) 화입니다."
비뇨의학과,박재원,"비뇨기종양,로봇복강경수술,요로결석,배뇨장애",토(순환),"월,수,금","비뇨의학과 박재원선생님의 진료분야는 비뇨기종양,로봇복강경수술,요로결석,배뇨장애이며 진료가능한 진료일정은 (오전) 토(순환), (오후) 월,수,금입니다."
비뇨의학과,강숭구,"소아비뇨,요로결석,배뇨장애,일반비뇨","화,금,토(순환)",목,"비뇨의학과 강숭구선생님의 진료분야는 소아비뇨,요로결석,배뇨장애,일반비뇨이며 진료가능한 진료일정은 (오전) 화,금,토(순환), (오후) 목입니다."
비뇨의학과,정재용,"요로결석,배뇨장애,요실금,비뇨기종양,일반비뇨","수,토(순환)","월,목","비뇨의학과 정재용선생님의 진료분야는 요로결석,배뇨장애,요실금,비뇨기종양,일반비뇨이며 진료가능한 진료일정은 (오전) 수,토(순환), (오후) 월,목입니다."
산부인과,서종욱,"난임/청소년상담(월경이상,국가예방접종),난임센터,암센터,갱년기여성클리닉",토(순환),진료없음,"산부인과 서종욱선생님의 진료분야는 난임/청소년상담(월경이상,국가예방접종),난임센터,암센터,갱년기여성클리닉이며 진료가능한 진료일정은 (오전) 토(순환), (오후) 진료없음입니다."
산부인과,윤지선,"고위험임신,난임클리닉,생식내분비학,신생아통합치료센터,난임센터",금,"월,금","산부인과 윤지선선생님의 진료분야는 고위험임신,난임클리닉,생식내분비학,신생아통합치료센터,난임센터이며 진료가능한 진료일정은 (오전) 금, (오후) 월,금입니다."
산부인과,조혜정,"모체태아의학,고위험임신,신생아통합치료센터","월,수,목",수,"산부인과 조혜정선생님의 진료분야는 모체태아의학,고위험임신,신생아통합치료센터이며 진료가능한 진료일정은 (오전) 월,수,목, (오후) 수입니다."
성형외과,정섬,"선천기형,미용,악안면외상","화,목",월,"성형외과 정섬선생님의 진료분야는 선천기형,미용,악안면외상이며 진료가능한 진료일정은 (오전) 화,목, (오후) 월입니다."
성형외과,전여름,"유방재건,켈로이드,흉터성형,흉터레이저,피부암,★흉터성형레이저클리닉(목요일오전)※국외연수(2023.4.20~2024.4.19),흉터성형레이저클리닉","수,목","화,금","성형외과 전여름선생님의 진료분야는 유방재건,켈로이드,흉터성형,흉터레이저,피부암,★흉터성형레이저클리닉(목요일오전)※국외연수(2023.4.20~2024.4.19),흉터성형레이저클리닉이며 진료가능한 진료일정은 (오전) 수,목, (오후) 화,금입니다."
성형외과,송준호,"안면외상및재건,미용성형,혈관기형및혈관종,켈로이드,피부암,흉터성형,림프부종클리닉(암센터),암센터,흉터성형레이저클리닉","월,금",수,"성형외과 송준호선생님의 진료분야는 안면외상및재건,미용성형,혈관기형및혈관종,켈로이드,피부암,흉터성형,림프부종클리닉(암센터),암센터,흉터성형레이저클리닉이며 진료가능한 진료일정은 (오전) 월,금, (오후) 수입니다."
소아청소년과,김기혁,"소아신장,감염","월,금","화,목","소아청소년과 김기혁선생님의 진료분야는 소아신장,감염이며 진료가능한 진료일정은 (오전) 월,금, (오후) 화,목입니다."
소아청소년과,윤신원,"신생아질환,희망둥이성장발달클리닉","화,목",진료없음,"소아청소년과 윤신원선생님의 진료분야는 신생아질환,희망둥이성장발달클리닉이며 진료가능한 진료일정은 (오전) 화,목, (오후) 진료없음입니다."
소아청소년과,장광천,"소아호흡기,알레르기,소아알레르기클리닉","화,수,금","월,수","소아청소년과 장광천선생님의 진료분야는 소아호흡기,알레르기,소아알레르기클리닉이며 진료가능한 진료일정은 (오전) 화,수,금, (오후) 월,수입니다."
소아청소년과,유지형,"소아소화기,소아만성복통클리닉","월,화,토(순환)","화,수,금","소아청소년과 유지형선생님의 진료분야는 소아소화기,소아만성복통클리닉이며 진료가능한 진료일정은 (오전) 월,화,토(순환), (오후) 화,수,금입니다."
소아청소년과,정인혁,"소아내분비,성장비만클리닉","월,수,목,토(순환)","화,수","소아청소년과 정인혁선생님의 진료분야는 소아내분비,성장비만클리닉이며 진료가능한 진료일정은 (오전) 월,수,목,토(순환), (오후) 화,수입니다."
소아청소년과,진주현,신생아질환,진료없음,진료없음,"소아청소년과 진주현선생님의 진료분야는 신생아질환이며 진료가능한 진료일정은 (오전) 진료없음, (오후) 진료없음입니다."
소아청소년과,박정민,소아심장,"수,목,토(순환)","월,목,금","소아청소년과 박정민선생님의 진료분야는 소아심장이며 진료가능한 진료일정은 (오전) 수,목,토(순환), (오후) 월,목,금입니다."
소아청소년과,윤봉식,"소아응급,응급의료센터",진료없음,진료없음,"소아청소년과 윤봉식선생님의 진료분야는 소아응급,응급의료센터이며 진료가능한 진료일정은 (오전) 진료없음, (오후) 진료없음입니다."
소아청소년과,양동화,"소아신경,발달지연클리닉","금,토(순환)","월,목","소아청소년과 양동화선생님의 진료분야는 소아신경,발달지연클리닉이며 진료가능한 진료일정은 (오전) 금,토(순환), (오후) 월,목입니다."
소아청소년과,이성희,"신생아질환,희망둥이성장발달클리닉","월,토(순환)",금,"소아청소년과 이성희선생님의 진료분야는 신생아질환,희망둥이성장발달클리닉이며 진료가능한 진료일정은 (오전) 월,토(순환), (오후) 금입니다."
소아청소년과,이찬영,신생아질환,진료없음,진료없음,"소아청소년과 이찬영선생님의 진료분야는 신생아질환이며 진료가능한 진료일정은 (오전) 진료없음, (오후) 진료없음입니다."
소아청소년과,김지우,신생아질환,진료없음,진료없음,"소아청소년과 김지우선생님의 진료분야는 신생아질환이며 진료가능한 진료일정은 (오전) 진료없음, (오후) 진료없음입니다."
소화기내과,이천균,"간암,간염,간경변,지방간질환,소화기내시경센터,암센터",화,"월,수","소화기내과 이천균선생님의 진료분야는 간암,간염,간경변,지방간질환,소화기내시경센터,암센터이며 진료가능한 진료일정은 (오전) 화, (오후) 월,수입니다."
소화기내과,조용석,"대장암,대장용종,염증성장질환,과민성장증후군,소화기내시경센터,염증성장질환클리닉","월,수",목,"소화기내과 조용석선생님의 진료분야는 대장암,대장용종,염증성장질환,과민성장증후군,소화기내시경센터,염증성장질환클리닉이며 진료가능한 진료일정은 (오전) 월,수, (오후) 목입니다."
소화기내과,원선영,"대장암,대장용종,염증성장질환,과민성장증후군,소화기내시경센터,염증성장질환클리닉","화,금",월,"소화기내과 원선영선생님의 진료분야는 대장암,대장용종,염증성장질환,과민성장증후군,소화기내시경센터,염증성장질환클리닉이며 진료가능한 진료일정은 (오전) 화,금, (오후) 월입니다."
소화기내과,박병규,"췌장암,췌장염,췌장낭종,담도암,담석증,담낭용종,소화기내시경센터,암센터",월,화,"소화기내과 박병규선생님의 진료분야는 췌장암,췌장염,췌장낭종,담도암,담석증,담낭용종,소화기내시경센터,암센터이며 진료가능한 진료일정은 (오전) 월, (오후) 화입니다."
소화기내과,최종원,"간암,간염,간경변,지방간질환,소화기내시경센터","수,목","화,금","소화기내과 최종원선생님의 진료분야는 간암,간염,간경변,지방간질환,소화기내시경센터이며 진료가능한 진료일정은 (오전) 수,목, (오후) 화,금입니다."
소화기내과,신상윤,"소화기질환,건강검진내시경",진료없음,진료없음,"소화기내과 신상윤선생님의 진료분야는 소화기질환,건강검진내시경이며 진료가능한 진료일정은 (오전) 진료없음, (오후) 진료없음입니다."
소화기내과,최윤이,"위암,식도암,위식도역류질환,치료내시경,대장용종,소화기내시경센터,소화기내시경센터,암센터",수,"월,목","소화기내과 최윤이선생님의 진료분야는 위암,식도암,위식도역류질환,치료내시경,대장용종,소화기내시경센터,소화기내시경센터,암센터이며 진료가능한 진료일정은 (오전) 수, (오후) 월,목입니다."
소화기내과,박찬수,"췌장암,췌장염,췌장낭종,담도암,담석증,담낭용종,소화기내시경센터,암센터",금,"화,목","소화기내과 박찬수선생님의 진료분야는 췌장암,췌장염,췌장낭종,담도암,담석증,담낭용종,소화기내시경센터,암센터이며 진료가능한 진료일정은 (오전) 금, (오후) 화,목입니다."
소화기내과,한소정,"대장암,대장용종,염증성장질환,과민성장증후군,소화기내시경센터","월,목","수,금","소화기내과 한소정선생님의 진료분야는 대장암,대장용종,염증성장질환,과민성장증후군,소화기내시경센터이며 진료가능한 진료일정은 (오전) 월,목, (오후) 수,금입니다."
소화기내과,김정주,일반소화기질환,토순환,수,"소화기내과 김정주선생님의 진료분야는 일반소화기질환이며 진료가능한 진료일정은 (오전) 토순환, (오후) 수입니다."
소화기내과,김무현,일반소화기질환,토요순환근무,화,"소화기내과 김무현선생님의 진료분야는 일반소화기질환이며 진료가능한 진료일정은 (오전) 토요순환근무, (오후) 화입니다."
소화기내과,하재형,일반소화기질환,토(순환),금,"소화기내과 하재형선생님의 진료분야는 일반소화기질환이며 진료가능한 진료일정은 (오전) 토(순환), (오후) 금입니다."
신경과,이준홍,"뇌졸중,치매,수면장애,뇌전증,치매예방센터",수,월,"신경과 이준홍선생님의 진료분야는 뇌졸중,치매,수면장애,뇌전증,치매예방센터이며 진료가능한 진료일정은 (오전) 수, (오후) 월입니다."
신경과,김규식,"뇌졸중,뇌전증,두통,어지럼증,심뇌혈관질환센터","월,화,목,토(순환)",수,"신경과 김규식선생님의 진료분야는 뇌졸중,뇌전증,두통,어지럼증,심뇌혈관질환센터이며 진료가능한 진료일정은 (오전) 월,화,목,토(순환), (오후) 수입니다."
신경과,조정희,"신경근육질환,손발저림,안면마비,두통,신경근육질환클리닉","월,화,금,토(순환)","화,목","신경과 조정희선생님의 진료분야는 신경근육질환,손발저림,안면마비,두통,신경근육질환클리닉이며 진료가능한 진료일정은 (오전) 월,화,금,토(순환), (오후) 화,목입니다."
신경과,김종헌,"치매,두통,어지러움증,치매예방센터","목,토(순환)",진료없음,"신경과 김종헌선생님의 진료분야는 치매,두통,어지러움증,치매예방센터이며 진료가능한 진료일정은 (오전) 목,토(순환), (오후) 진료없음입니다."
신경과,이지은,"파킨슨병,보톡스(안검연축,안면연축및사경),치매,두통,어지럼증,치매예방센터,파킨슨병및운동장애클리닉","수,목,금,토(순환)",수,"신경과 이지은선생님의 진료분야는 파킨슨병,보톡스(안검연축,안면연축및사경),치매,두통,어지럼증,치매예방센터,파킨슨병및운동장애클리닉이며 진료가능한 진료일정은 (오전) 수,목,금,토(순환), (오후) 수입니다."
신경과,서권덕,"뇌졸중,경동맥질환,뇌혈관중재적시술,두통,어지럼증,심뇌혈관질환센터","금,토(순환)",화,"신경과 서권덕선생님의 진료분야는 뇌졸중,경동맥질환,뇌혈관중재적시술,두통,어지럼증,심뇌혈관질환센터이며 진료가능한 진료일정은 (오전) 금,토(순환), (오후) 화입니다."
신경과,옥태동,"뇌졸중,경동맥질환,뇌혈관중재적시술,두통,어지럼증,심뇌혈관질환센터",수,월,"신경과 옥태동선생님의 진료분야는 뇌졸중,경동맥질환,뇌혈관중재적시술,두통,어지럼증,심뇌혈관질환센터이며 진료가능한 진료일정은 (오전) 수, (오후) 월입니다."
신경과,이일형,"뇌졸중,경동맥질환,뇌혈관중재적시술,두통,어지럼증,심뇌혈관질환센터",진료없음,"수,목","신경과 이일형선생님의 진료분야는 뇌졸중,경동맥질환,뇌혈관중재적시술,두통,어지럼증,심뇌혈관질환센터이며 진료가능한 진료일정은 (오전) 진료없음, (오후) 수,목입니다."
신경외과,장호열,"척추종양,경추질환,요천추질환,척추클리닉","월,수","월,목","신경외과 장호열선생님의 진료분야는 척추종양,경추질환,요천추질환,척추클리닉이며 진료가능한 진료일정은 (오전) 월,수, (오후) 월,목입니다."
신경외과,양국희,"뇌종양,뇌혈관,소아,운동기능장애,뇌출혈,두부외상","월,목,토(순환)","월,화","신경외과 양국희선생님의 진료분야는 뇌종양,뇌혈관,소아,운동기능장애,뇌출혈,두부외상이며 진료가능한 진료일정은 (오전) 월,목,토(순환), (오후) 월,화입니다."
신경외과,이윤호,"뇌혈관,뇌종양,소아신경외과,허혈성뇌질환,두부외상,심뇌혈관질환센터","화,토(순환)",금,"신경외과 이윤호선생님의 진료분야는 뇌혈관,뇌종양,소아신경외과,허혈성뇌질환,두부외상,심뇌혈관질환센터이며 진료가능한 진료일정은 (오전) 화,토(순환), (오후) 금입니다."
신경외과,권영섭,"뇌혈관외과,뇌동맥류,뇌혈관중재적시술,두부외상,심뇌혈관질환센터","수,토(순환)","수,목","신경외과 권영섭선생님의 진료분야는 뇌혈관외과,뇌동맥류,뇌혈관중재적시술,두부외상,심뇌혈관질환센터이며 진료가능한 진료일정은 (오전) 수,토(순환), (오후) 수,목입니다."
신경외과,이상훈,"최소침습척추수술,경추및요추디스크,척추분리증및전방전위증,척추관협착증,뇌출혈,두부외상","화,목,금,토(순환)",화,"신경외과 이상훈선생님의 진료분야는 최소침습척추수술,경추및요추디스크,척추분리증및전방전위증,척추관협착증,뇌출혈,두부외상이며 진료가능한 진료일정은 (오전) 화,목,금,토(순환), (오후) 화입니다."
신경외과,소재영,"척추디스크내시경수술,퇴행성협착증,소아&성인척추변형,외상,종양,뇌출혈,두부외상","수,금","수,금","신경외과 소재영선생님의 진료분야는 척추디스크내시경수술,퇴행성협착증,소아&성인척추변형,외상,종양,뇌출혈,두부외상이며 진료가능한 진료일정은 (오전) 수,금, (오후) 수,금입니다."
신장내과,신석균,"급/만성신부전및투석치료,당뇨병성신병증,이식,신장센터,부종클리닉","월,화",목,"신장내과 신석균선생님의 진료분야는 급/만성신부전및투석치료,당뇨병성신병증,이식,신장센터,부종클리닉이며 진료가능한 진료일정은 (오전) 월,화, (오후) 목입니다."
신장내과,장태익,"급/만성신부전및투석치료,당뇨병성신병증,이식,신장센터","목,토(순환)","월,화","신장내과 장태익선생님의 진료분야는 급/만성신부전및투석치료,당뇨병성신병증,이식,신장센터이며 진료가능한 진료일정은 (오전) 목,토(순환), (오후) 월,화입니다."
신장내과,이용규,"급/만성신부전및투석치료,당뇨병성신병증,이식,혈뇨클리닉,신장센터","화,금,토(순환)","수,목","신장내과 이용규선생님의 진료분야는 급/만성신부전및투석치료,당뇨병성신병증,이식,혈뇨클리닉,신장센터이며 진료가능한 진료일정은 (오전) 화,금,토(순환), (오후) 수,목입니다."
신장내과,박경숙,"급/만성신부전및투석치료,사구체신염,당뇨병성신병증,혈뇨클리닉,신장센터,투석혈관클리닉","수,금,토(순환)","월,화","신장내과 박경숙선생님의 진료분야는 급/만성신부전및투석치료,사구체신염,당뇨병성신병증,혈뇨클리닉,신장센터,투석혈관클리닉이며 진료가능한 진료일정은 (오전) 수,금,토(순환), (오후) 월,화입니다."
신장내과,김재영,"급/만성신부전및투석치료,당뇨병성신병증,신장센터,투석혈관클리닉","월,목,토(순환)","수,금","신장내과 김재영선생님의 진료분야는 급/만성신부전및투석치료,당뇨병성신병증,신장센터,투석혈관클리닉이며 진료가능한 진료일정은 (오전) 월,목,토(순환), (오후) 수,금입니다."
심뇌혈관질환센터,내분비내과44,남주영,"당뇨병,고지혈증,고혈압,당뇨병센터,심뇌혈관질환센터",금,"심뇌혈관질환센터 내분비내과44선생님의 진료분야는 남주영이며 진료가능한 진료일정은 (오전) 당뇨병,고지혈증,고혈압,당뇨병센터,심뇌혈관질환센터, (오후) 금입니다."
심뇌혈관질환센터,내분비내과44,김지원,"당뇨병,고지혈증,고혈압,당뇨병센터,심뇌혈관질환센터",진료없음,"심뇌혈관질환센터 내분비내과44선생님의 진료분야는 김지원이며 진료가능한 진료일정은 (오전) 당뇨병,고지혈증,고혈압,당뇨병센터,심뇌혈관질환센터, (오후) 진료없음입니다."
심뇌혈관질환센터,내분비내과44,신성재,"당뇨병,고지혈증,고혈압,당뇨병센터,심뇌혈관질환센터,골다공증클리닉",화,"심뇌혈관질환센터 내분비내과44선생님의 진료분야는 신성재이며 진료가능한 진료일정은 (오전) 당뇨병,고지혈증,고혈압,당뇨병센터,심뇌혈관질환센터,골다공증클리닉, (오후) 화입니다."
심뇌혈관질환센터,신경과42,김규식,"뇌졸중,뇌졸중예방및검사,심뇌혈관질환센터",수,"심뇌혈관질환센터 신경과42선생님의 진료분야는 김규식이며 진료가능한 진료일정은 (오전) 뇌졸중,뇌졸중예방및검사,심뇌혈관질환센터, (오후) 수입니다."
심뇌혈관질환센터,신경과42,서권덕,"뇌졸중,경동맥질환,뇌혈관중재적시술,심뇌혈관질환센터",월,"심뇌혈관질환센터 신경과42선생님의 진료분야는 서권덕이며 진료가능한 진료일정은 (오전) 뇌졸중,경동맥질환,뇌혈관중재적시술,심뇌혈관질환센터, (오후) 월입니다."
심뇌혈관질환센터,신경과42,옥태동,"뇌졸중,경동맥질환,뇌혈관중재적시술,심뇌혈관질환센터",화,"심뇌혈관질환센터 신경과42선생님의 진료분야는 옥태동이며 진료가능한 진료일정은 (오전) 뇌졸중,경동맥질환,뇌혈관중재적시술,심뇌혈관질환센터, (오후) 화입니다."
심뇌혈관질환센터,신경과42,이일형,"뇌졸중,경동맥질환,뇌혈관중재적시술,심뇌혈관질환센터",금,"심뇌혈관질환센터 신경과42선생님의 진료분야는 이일형이며 진료가능한 진료일정은 (오전) 뇌졸중,경동맥질환,뇌혈관중재적시술,심뇌혈관질환센터, (오후) 금입니다."
심뇌혈관질환센터,신경외과46,이윤호,"뇌혈관질환,두통,어지럼증,뇌종양,심뇌혈관질환센터",금,"심뇌혈관질환센터 신경외과46선생님의 진료분야는 이윤호이며 진료가능한 진료일정은 (오전) 뇌혈관질환,두통,어지럼증,뇌종양,심뇌혈관질환센터, (오후) 금입니다."
심뇌혈관질환센터,신경외과46,권영섭,"뇌혈관질환,두통,어지럼증,심뇌혈관질환센터",월,"심뇌혈관질환센터 신경외과46선생님의 진료분야는 권영섭이며 진료가능한 진료일정은 (오전) 뇌혈관질환,두통,어지럼증,심뇌혈관질환센터, (오후) 월입니다."
심뇌혈관질환센터,심장내과43,오성진,"관상동맥질환,협심증,심뇌혈관질환센터",수,"심뇌혈관질환센터 심장내과43선생님의 진료분야는 오성진이며 진료가능한 진료일정은 (오전) 관상동맥질환,협심증,심뇌혈관질환센터, (오후) 수입니다."
심뇌혈관질환센터,심장내과43,박종관,"관상동맥질환,협심증,심뇌혈관질환센터",화,"심뇌혈관질환센터 심장내과43선생님의 진료분야는 박종관이며 진료가능한 진료일정은 (오전) 관상동맥질환,협심증,심뇌혈관질환센터, (오후) 화입니다."
심뇌혈관질환센터,심장내과43,이한철,"부정맥,실신,급사,전기생리학검사및전극도자절제술,심박동기,제세동기,심장재동기화치료(CRT),심부전,심뇌혈관질환센터",목,"심뇌혈관질환센터 심장내과43선생님의 진료분야는 이한철이며 진료가능한 진료일정은 (오전) 부정맥,실신,급사,전기생리학검사및전극도자절제술,심박동기,제세동기,심장재동기화치료(CRT),심부전,심뇌혈관질환센터, (오후) 목입니다."
심뇌혈관질환센터,심장내과43,장지용,"관상동맥질환,말초동맥질환,협심증,심뇌혈관질환센터",월,"심뇌혈관질환센터 심장내과43선생님의 진료분야는 장지용이며 진료가능한 진료일정은 (오전) 관상동맥질환,말초동맥질환,협심증,심뇌혈관질환센터, (오후) 월입니다."
심뇌혈관질환센터,심장내과43,전경현,"심부전,구조심질환,고혈압,협심증,고지혈증,심장이식,심뇌혈관질환센터",진료없음,"심뇌혈관질환센터 심장내과43선생님의 진료분야는 전경현이며 진료가능한 진료일정은 (오전) 심부전,구조심질환,고혈압,협심증,고지혈증,심장이식,심뇌혈관질환센터, (오후) 진료없음입니다."
심뇌혈관질환센터,심장내과43,김형수,"관상동맥질환,말초동맥질환,협심증,심뇌혈관질환센터",진료없음,"심뇌혈관질환센터 심장내과43선생님의 진료분야는 김형수이며 진료가능한 진료일정은 (오전) 관상동맥질환,말초동맥질환,협심증,심뇌혈관질환센터, (오후) 진료없음입니다."
심뇌혈관질환센터,재활의학과41,이장우,"심혈관질환재활,심뇌혈관질환센터,재활치료센터",진료없음,"심뇌혈관질환센터 재활의학과41선생님의 진료분야는 이장우이며 진료가능한 진료일정은 (오전) 심혈관질환재활,심뇌혈관질환센터,재활치료센터, (오후) 진료없음입니다."
심뇌혈관질환센터,심장혈관흉부외과45,김도균,"관상동맥질환,대동맥질환,정맥류,심장판막질환,혈액투석혈관관리,심뇌혈관질환센터,투석혈관클리닉",수,"심뇌혈관질환센터 심장혈관흉부외과45선생님의 진료분야는 김도균이며 진료가능한 진료일정은 (오전) 관상동맥질환,대동맥질환,정맥류,심장판막질환,혈액투석혈관관리,심뇌혈관질환센터,투석혈관클리닉, (오후) 수입니다."
심뇌혈관질환센터,심장혈관흉부외과45,김효현,"관상동맥질환,대동맥질환,심장판막질환,심부전,심장이식,심뇌혈관질환센터",진료없음,"심뇌혈관질환센터 심장혈관흉부외과45선생님의 진료분야는 김효현이며 진료가능한 진료일정은 (오전) 관상동맥질환,대동맥질환,심장판막질환,심부전,심장이식,심뇌혈관질환센터, (오후) 진료없음입니다."
심장내과,전동운,"관상동맥질환,말초동맥질환,고혈압,협심증,심부전,심근경색","화,목","월,수","심장내과 전동운선생님의 진료분야는 관상동맥질환,말초동맥질환,고혈압,협심증,심부전,심근경색이며 진료가능한 진료일정은 (오전) 화,목, (오후) 월,수입니다."
심장내과,오성진,"관상동맥질환,고혈압,협심증,심부전,고지혈증,심뇌혈관질환센터","목,토(순환)","화,수","심장내과 오성진선생님의 진료분야는 관상동맥질환,고혈압,협심증,심부전,고지혈증,심뇌혈관질환센터이며 진료가능한 진료일정은 (오전) 목,토(순환), (오후) 화,수입니다."
심장내과,윤세정,"심장판막질환,심부전,고혈압,협심증,고지혈증","화,금,토(순환)","월,목","심장내과 윤세정선생님의 진료분야는 심장판막질환,심부전,고혈압,협심증,고지혈증이며 진료가능한 진료일정은 (오전) 화,금,토(순환), (오후) 월,목입니다."
심장내과,박종관,"관상동맥질환,협심증,말초동맥질환,고혈압성심질환,고지혈증,심뇌혈관질환센터","금,토(순환)","월,목","심장내과 박종관선생님의 진료분야는 관상동맥질환,협심증,말초동맥질환,고혈압성심질환,고지혈증,심뇌혈관질환센터이며 진료가능한 진료일정은 (오전) 금,토(순환), (오후) 월,목입니다."
심장내과,이한철,"부정맥,실신,급사,전기생기학검사및전극도자절제술,심박동기,제세동기,심장재동기화치료(CRT),심부전,심뇌혈관질환센터","월,화,토(순환)",화,"심장내과 이한철선생님의 진료분야는 부정맥,실신,급사,전기생기학검사및전극도자절제술,심박동기,제세동기,심장재동기화치료(CRT),심부전,심뇌혈관질환센터이며 진료가능한 진료일정은 (오전) 월,화,토(순환), (오후) 화입니다."
심장내과,장지용,"관상동맥질환,말초동맥질환,대동맥질환,고혈압,협심증,심부전,고지혈증,심뇌혈관질환센터","수,토(순환)","화,수","심장내과 장지용선생님의 진료분야는 관상동맥질환,말초동맥질환,대동맥질환,고혈압,협심증,심부전,고지혈증,심뇌혈관질환센터이며 진료가능한 진료일정은 (오전) 수,토(순환), (오후) 화,수입니다."
심장내과,전경현,"심부전,심근질환,심장이식,판막질환,구조심질환,고혈압,고지혈증,협심증,폐동맥고혈압,심뇌혈관질환센터","수,목,토(순환)",금,"심장내과 전경현선생님의 진료분야는 심부전,심근질환,심장이식,판막질환,구조심질환,고혈압,고지혈증,협심증,폐동맥고혈압,심뇌혈관질환센터이며 진료가능한 진료일정은 (오전) 수,목,토(순환), (오후) 금입니다."
심장내과,김형수,"관상동맥질환,말초동맥질환,대동맥질환,구조심질환,고혈압,협심증,심부전,고지혈증,심뇌혈관질환센터","월,수,토(순환)",금,"심장내과 김형수선생님의 진료분야는 관상동맥질환,말초동맥질환,대동맥질환,구조심질환,고혈압,협심증,심부전,고지혈증,심뇌혈관질환센터이며 진료가능한 진료일정은 (오전) 월,수,토(순환), (오후) 금입니다."
심장혈관흉부외과,강경훈,"심장판막질환,관상동맥질환,혈관질환,정맥류",수,"수,목","심장혈관흉부외과 강경훈선생님의 진료분야는 심장판막질환,관상동맥질환,혈관질환,정맥류이며 진료가능한 진료일정은 (오전) 수, (오후) 수,목입니다."
심장혈관흉부외과,홍기표,"흉강경수술(폐암,양성폐종양,폐기종,늑막종양,기흉,종격동종양,중증근무력증,다한증),감염성폐질환,흉벽종양,흉부외상,다한증,하지정맥류,정맥류클리닉","월,목",월,"심장혈관흉부외과 홍기표선생님의 진료분야는 흉강경수술(폐암,양성폐종양,폐기종,늑막종양,기흉,종격동종양,중증근무력증,다한증),감염성폐질환,흉벽종양,흉부외상,다한증,하지정맥류,정맥류클리닉이며 진료가능한 진료일정은 (오전) 월,목, (오후) 월입니다."
심장혈관흉부외과,김도균,"관상동맥질환,대동맥질환,정맥류,심장판막질환,동정맥루,심뇌혈관질환센터,투석혈관클리닉",화,화,"심장혈관흉부외과 김도균선생님의 진료분야는 관상동맥질환,대동맥질환,정맥류,심장판막질환,동정맥루,심뇌혈관질환센터,투석혈관클리닉이며 진료가능한 진료일정은 (오전) 화, (오후) 화입니다."
심장혈관흉부외과,배미경,"흉부종양(폐암,식도암,종격동종양,흉벽종양),중증근무력증,기흉,흉벽기형(새가슴,오목가슴),흉부외상,다한증,암센터","화,금",진료없음,"심장혈관흉부외과 배미경선생님의 진료분야는 흉부종양(폐암,식도암,종격동종양,흉벽종양),중증근무력증,기흉,흉벽기형(새가슴,오목가슴),흉부외상,다한증,암센터이며 진료가능한 진료일정은 (오전) 화,금, (오후) 진료없음입니다."
심장혈관흉부외과,김봉준,"흉벽기형(새가슴,오목가슴),다한증,기흉,흉부종양(폐암,종격동종양,흉벽종양),중증근무력증,흉부외상,암센터,오목가슴클리닉",수,"월,목","심장혈관흉부외과 김봉준선생님의 진료분야는 흉벽기형(새가슴,오목가슴),다한증,기흉,흉부종양(폐암,종격동종양,흉벽종양),중증근무력증,흉부외상,암센터,오목가슴클리닉이며 진료가능한 진료일정은 (오전) 수, (오후) 월,목입니다."
심장혈관흉부외과,김효현,"후천성심장질환(관상동맥질환,심장판막질환,대동맥질환),심부전,심장이식,하지혈관질환(정맥류),심뇌혈관질환센터",금,금,"심장혈관흉부외과 김효현선생님의 진료분야는 후천성심장질환(관상동맥질환,심장판막질환,대동맥질환),심부전,심장이식,하지혈관질환(정맥류),심뇌혈관질환센터이며 진료가능한 진료일정은 (오전) 금, (오후) 금입니다."
안과,김혜영,"안성형,사시,소아안과,신경안과,약시클리닉","수,목","월,수","안과 김혜영선생님의 진료분야는 안성형,사시,소아안과,신경안과,약시클리닉이며 진료가능한 진료일정은 (오전) 수,목, (오후) 월,수입니다."
안과,박종운,"녹내장,백내장,녹내장클리닉,백내장클리닉","월,화,금",화,"안과 박종운선생님의 진료분야는 녹내장,백내장,녹내장클리닉,백내장클리닉이며 진료가능한 진료일정은 (오전) 월,화,금, (오후) 화입니다."
안과,정은지,"망막,유리체,백내장,망막유리체클리닉,백내장클리닉","월,화,목",목,"안과 정은지선생님의 진료분야는 망막,유리체,백내장,망막유리체클리닉,백내장클리닉이며 진료가능한 진료일정은 (오전) 월,화,목, (오후) 목입니다."
안과,이광현,"녹내장,백내장","수,토(순환)","월,수,금","안과 이광현선생님의 진료분야는 녹내장,백내장이며 진료가능한 진료일정은 (오전) 수,토(순환), (오후) 월,수,금입니다."
안과,최문정,"각막이식,안구건조증,각.결막질환,백내장","월,금,토(순환)","목,금","안과 최문정선생님의 진료분야는 각막이식,안구건조증,각.결막질환,백내장이며 진료가능한 진료일정은 (오전) 월,금,토(순환), (오후) 목,금입니다."
안과,김서희,"망막,유리체,백내장,미숙아망막증","수,금","화,수","안과 김서희선생님의 진료분야는 망막,유리체,백내장,미숙아망막증이며 진료가능한 진료일정은 (오전) 수,금, (오후) 화,수입니다."
안과,김규아,"녹내장,백내장","화,목,토(순환)","월,금","안과 김규아선생님의 진료분야는 녹내장,백내장이며 진료가능한 진료일정은 (오전) 화,목,토(순환), (오후) 월,금입니다."
암센터,가정의학과60,박성배,"암환자동반질환증상관리,생활습관개선,예방접종,2차암검진및가족건강관리,암센터,암평생건강클리닉",진료없음,"암센터 가정의학과60선생님의 진료분야는 박성배이며 진료가능한 진료일정은 (오전) 암환자동반질환증상관리,생활습관개선,예방접종,2차암검진및가족건강관리,암센터,암평생건강클리닉, (오후) 진료없음입니다."
암센터,가정의학과60,박영민,"암환자동반질환증상관리,생활습관개선,예방접종,2차암검진및가족건강관리,완화돌봄상담,암센터,암평생건강클리닉",진료없음,"암센터 가정의학과60선생님의 진료분야는 박영민이며 진료가능한 진료일정은 (오전) 암환자동반질환증상관리,생활습관개선,예방접종,2차암검진및가족건강관리,완화돌봄상담,암센터,암평생건강클리닉, (오후) 진료없음입니다."
암센터,가정의학과60,오시내,"암환자동반질환증상관리,생활습관개선,예방접종,2차암검진및가족건강관리,완화돌봄상담,암센터,비만클리닉,암평생건강클리닉",진료없음,"암센터 가정의학과60선생님의 진료분야는 오시내이며 진료가능한 진료일정은 (오전) 암환자동반질환증상관리,생활습관개선,예방접종,2차암검진및가족건강관리,완화돌봄상담,암센터,비만클리닉,암평생건강클리닉, (오후) 진료없음입니다."
암센터,내분비내과61,박경혜,"갑상선클리닉(갑상선암수술후내과적관리,갑상선기능항진증,갑상선기능저하증,갑상선결절),당뇨병센터,암센터,갑상선클리닉",월,"암센터 내분비내과61선생님의 진료분야는 박경혜이며 진료가능한 진료일정은 (오전) 갑상선클리닉(갑상선암수술후내과적관리,갑상선기능항진증,갑상선기능저하증,갑상선결절),당뇨병센터,암센터,갑상선클리닉, (오후) 월입니다."
암센터,산부인과54,서종욱,"생식내분비(폐경,난임,피임),자궁근종,난소낭종,자궁내막증,복강경및로봇수술,난임센터,암센터,갱년기여성클리닉","화,수","암센터 산부인과54선생님의 진료분야는 서종욱이며 진료가능한 진료일정은 (오전) 생식내분비(폐경,난임,피임),자궁근종,난소낭종,자궁내막증,복강경및로봇수술,난임센터,암센터,갱년기여성클리닉, (오후) 화,수입니다."
암센터,성형외과59,송준호,"유방재건,림프부종클리닉,암센터,흉터성형레이저클리닉",화,"암센터 성형외과59선생님의 진료분야는 송준호이며 진료가능한 진료일정은 (오전) 유방재건,림프부종클리닉,암센터,흉터성형레이저클리닉, (오후) 화입니다."
암센터,소화기내과57,이천균,"소화기암(간암),소화기내시경센터,암센터",목,"암센터 소화기내과57선생님의 진료분야는 이천균이며 진료가능한 진료일정은 (오전) 소화기암(간암),소화기내시경센터,암센터, (오후) 목입니다."
암센터,소화기내과57,박병규,"소화기암(췌장암,담도암),소화기내시경센터,암센터",목,"암센터 소화기내과57선생님의 진료분야는 박병규이며 진료가능한 진료일정은 (오전) 소화기암(췌장암,담도암),소화기내시경센터,암센터, (오후) 목입니다."
암센터,소화기내과57,박찬수,"췌장암,췌장염,췌장낭종,담도암,담석증,담낭용종,소화기내시경센터,암센터",월,"암센터 소화기내과57선생님의 진료분야는 박찬수이며 진료가능한 진료일정은 (오전) 췌장암,췌장염,췌장낭종,담도암,담석증,담낭용종,소화기내시경센터,암센터, (오후) 월입니다."
암센터,소화기내과57,최윤이,"소화기암(위암,식도암),소화기내시경센터,암센터",화,"암센터 소화기내과57선생님의 진료분야는 최윤이이며 진료가능한 진료일정은 (오전) 소화기암(위암,식도암),소화기내시경센터,암센터, (오후) 화입니다."
암센터,외과53,홍영기,"대장직장암,대장항문질환,염증성장질환,복강경&로봇수술,암센터,암센터,대장항문클리닉",수,"암센터 외과53선생님의 진료분야는 홍영기이며 진료가능한 진료일정은 (오전) 대장직장암,대장항문질환,염증성장질환,복강경&로봇수술,암센터,암센터,대장항문클리닉, (오후) 수입니다."
암센터,외과53,정성우,"대장직장암,대장항문질환,복강경·로봇수술,염증성장질환,암센터,대장항문클리닉,염증성장질환클리닉",금,"암센터 외과53선생님의 진료분야는 정성우이며 진료가능한 진료일정은 (오전) 대장직장암,대장항문질환,복강경·로봇수술,염증성장질환,암센터,대장항문클리닉,염증성장질환클리닉, (오후) 금입니다."
암센터,외과53,이진호,"간,담,췌장질환,간암,담도암,췌장암,간이식,복강경&로봇수술,암센터,암센터",월,"암센터 외과53선생님의 진료분야는 이진호이며 진료가능한 진료일정은 (오전) 간,담,췌장질환,간암,담도암,췌장암,간이식,복강경&로봇수술,암센터,암센터, (오후) 월입니다."
암센터,외과53,정재욱,"간,담,췌장질환,간암,담도암,췌장암,간이식,복강경&로봇수술,암센터,암센터",금,"암센터 외과53선생님의 진료분야는 정재욱이며 진료가능한 진료일정은 (오전) 간,담,췌장질환,간암,담도암,췌장암,간이식,복강경&로봇수술,암센터,암센터, (오후) 금입니다."
암센터,외과53,허호,"유방암및유방질환클리닉,암센터,유방암및질환클리닉","월,목","암센터 외과53선생님의 진료분야는 허호이며 진료가능한 진료일정은 (오전) 유방암및유방질환클리닉,암센터,유방암및질환클리닉, (오후) 월,목입니다."
암센터,외과53,최서희,"위암,소화기암,소화기질환,일반외과질환,비만대사수술,복강경&로봇수술,암센터,암센터",화,"암센터 외과53선생님의 진료분야는 최서희이며 진료가능한 진료일정은 (오전) 위암,소화기암,소화기질환,일반외과질환,비만대사수술,복강경&로봇수술,암센터,암센터, (오후) 화입니다."
암센터,재활의학과58,전하라,"척수손상,암재활,림프부종,척추측만증,절단재활,족부클리닉(화요일),통증※국외연수(2023.9.1~2024.8.31),암센터,재활치료센터,족부클리닉",목,"암센터 재활의학과58선생님의 진료분야는 전하라이며 진료가능한 진료일정은 (오전) 척수손상,암재활,림프부종,척추측만증,절단재활,족부클리닉(화요일),통증※국외연수(2023.9.1~2024.8.31),암센터,재활치료센터,족부클리닉, (오후) 목입니다."
암센터,재활의학과58,이하림,"암재활,림프부종,암센터,재활치료센터",목,"암센터 재활의학과58선생님의 진료분야는 이하림이며 진료가능한 진료일정은 (오전) 암재활,림프부종,암센터,재활치료센터, (오후) 목입니다."
암센터,정형외과62,신재원,"경추(목)디스크질환.척추분리증및전방전위증.척추관협착증.최소침습척추수술,척추종양,암센터",진료없음,"암센터 정형외과62선생님의 진료분야는 신재원이며 진료가능한 진료일정은 (오전) 경추(목)디스크질환.척추분리증및전방전위증.척추관협착증.최소침습척추수술,척추종양,암센터, (오후) 진료없음입니다."
암센터,호흡기알레르기내과56,한창훈,"폐암,만성폐쇄성폐질환,암센터,만성폐쇄성폐질환클리닉",진료없음,"암센터 호흡기알레르기내과56선생님의 진료분야는 한창훈이며 진료가능한 진료일정은 (오전) 폐암,만성폐쇄성폐질환,암센터,만성폐쇄성폐질환클리닉, (오후) 진료없음입니다."
암센터,호흡기알레르기내과56,박선철,"폐암,특수기관지내시경,암센터",수,"암센터 호흡기알레르기내과56선생님의 진료분야는 박선철이며 진료가능한 진료일정은 (오전) 폐암,특수기관지내시경,암센터, (오후) 수입니다."
암센터,호흡기알레르기내과56,이상철,"폐암,특수기관지내시경,암센터",진료없음,"암센터 호흡기알레르기내과56선생님의 진료분야는 이상철이며 진료가능한 진료일정은 (오전) 폐암,특수기관지내시경,암센터, (오후) 진료없음입니다."
암센터,심장혈관흉부외과55,배미경,"흉부종양(폐암,식도암,종격동종양,흉벽종양),암센터",진료없음,"암센터 심장혈관흉부외과55선생님의 진료분야는 배미경이며 진료가능한 진료일정은 (오전) 흉부종양(폐암,식도암,종격동종양,흉벽종양),암센터, (오후) 진료없음입니다."
암센터,심장혈관흉부외과55,김봉준,"흉부종양(폐암,종격동종양,흉벽종양),암센터,오목가슴클리닉",진료없음,"암센터 심장혈관흉부외과55선생님의 진료분야는 김봉준이며 진료가능한 진료일정은 (오전) 흉부종양(폐암,종격동종양,흉벽종양),암센터,오목가슴클리닉, (오후) 진료없음입니다."
암스트레스클리닉,박재섭,"암환자의스트레스,우울증,불면증,암스트레스클리닉",진료없음,월,"암스트레스클리닉 박재섭선생님의 진료분야는 암환자의스트레스,우울증,불면증,암스트레스클리닉이며 진료가능한 진료일정은 (오전) 진료없음, (오후) 월입니다."
영상의학과,윤평호,신경영상의학및뇌혈관중재시술크리닉,"월,화,수,목,금","화,수,금","영상의학과 윤평호선생님의 진료분야는 신경영상의학및뇌혈관중재시술크리닉이며 진료가능한 진료일정은 (오전) 월,화,수,목,금, (오후) 화,수,금입니다."
영상의학과,양희철,인터벤션및복부영상의학,"월,화,수,목,금","화,수,목","영상의학과 양희철선생님의 진료분야는 인터벤션및복부영상의학이며 진료가능한 진료일정은 (오전) 월,화,수,목,금, (오후) 화,수,목입니다."
영상의학과,홍용국,흉부및심장영상의학,"월,화,수,목,금","월,수,금","영상의학과 홍용국선생님의 진료분야는 흉부및심장영상의학이며 진료가능한 진료일정은 (오전) 월,화,수,목,금, (오후) 월,수,금입니다."
영상의학과,유석종,심장및흉부영상의학,"월,수,목,금","월,화,수,금","영상의학과 유석종선생님의 진료분야는 심장및흉부영상의학이며 진료가능한 진료일정은 (오전) 월,수,목,금, (오후) 월,화,수,금입니다."
영상의학과,박수미,복부영상의학,"월,화,수,목,금","월,화,목","영상의학과 박수미선생님의 진료분야는 복부영상의학이며 진료가능한 진료일정은 (오전) 월,화,수,목,금, (오후) 월,화,목입니다."
영상의학과,김도중,소아및비뇨기계영상의학,"월,화,수,목,금","월,화,목","영상의학과 김도중선생님의 진료분야는 소아및비뇨기계영상의학이며 진료가능한 진료일정은 (오전) 월,화,수,목,금, (오후) 월,화,목입니다."
영상의학과,유재경,유방영상의학※국내연수(2023.9.1~2024.3.1),진료없음,진료없음,"영상의학과 유재경선생님의 진료분야는 유방영상의학※국내연수(2023.9.1~2024.3.1)이며 진료가능한 진료일정은 (오전) 진료없음, (오후) 진료없음입니다."
영상의학과,김보미,"유방영상의학,갑상선영상의학","화,수,목,금","월,화,목,금","영상의학과 김보미선생님의 진료분야는 유방영상의학,갑상선영상의학이며 진료가능한 진료일정은 (오전) 화,수,목,금, (오후) 월,화,목,금입니다."
영상의학과,김태환,"인터벤션및복부영상의학,혈관투석영상의학,투석혈관클리닉","월,수,금","월,화,수,목,금","영상의학과 김태환선생님의 진료분야는 인터벤션및복부영상의학,혈관투석영상의학,투석혈관클리닉이며 진료가능한 진료일정은 (오전) 월,수,금, (오후) 월,화,수,목,금입니다."
외과,이상훈,"위암,소화기암,소화기질환,외과적절제환자",월,진료없음,"외과 이상훈선생님의 진료분야는 위암,소화기암,소화기질환,외과적절제환자이며 진료가능한 진료일정은 (오전) 월, (오후) 진료없음입니다."
외과,배상준,"(간담췌외과)간암,담도암,췌장암,복강경수술","월,목,금",진료없음,"외과 배상준선생님의 진료분야는 (간담췌외과)간암,담도암,췌장암,복강경수술이며 진료가능한 진료일정은 (오전) 월,목,금, (오후) 진료없음입니다."
외과,허호,"(유방외과)유방암,유방질환,암센터,유방암및질환클리닉",진료없음,진료없음,"외과 허호선생님의 진료분야는 (유방외과)유방암,유방질환,암센터,유방암및질환클리닉이며 진료가능한 진료일정은 (오전) 진료없음, (오후) 진료없음입니다."
외과,홍영기,"(대장항문외과)대장직장암,대장항문질환,염증성장질환,복강경&로봇수술,암센터,대장항문클리닉",목,진료없음,"외과 홍영기선생님의 진료분야는 (대장항문외과)대장직장암,대장항문질환,염증성장질환,복강경&로봇수술,암센터,대장항문클리닉이며 진료가능한 진료일정은 (오전) 목, (오후) 진료없음입니다."
외과,이진호,"(간담췌외과)간,담,췌장질환,간암,담도암,췌장암,간이식,복강경&로봇수술,암센터",수,진료없음,"외과 이진호선생님의 진료분야는 (간담췌외과)간,담,췌장질환,간암,담도암,췌장암,간이식,복강경&로봇수술,암센터이며 진료가능한 진료일정은 (오전) 수, (오후) 진료없음입니다."
외과,이형순,"신장이식,간이식,동정맥루조성,복강경탈장수술,로봇수술,담낭질환","월,금,토(순환)",목,"외과 이형순선생님의 진료분야는 신장이식,간이식,동정맥루조성,복강경탈장수술,로봇수술,담낭질환이며 진료가능한 진료일정은 (오전) 월,금,토(순환), (오후) 목입니다."
외과,정재욱,"(간담췌외과)간,담,췌장질환,간암,담도암,췌장암,간이식,복강경&로봇수술,암센터",화,화,"외과 정재욱선생님의 진료분야는 (간담췌외과)간,담,췌장질환,간암,담도암,췌장암,간이식,복강경&로봇수술,암센터이며 진료가능한 진료일정은 (오전) 화, (오후) 화입니다."
외과,장지영,"(외상외과)입원중환자외상외과,shock&traumateam외상학,중환자의학,신속대응팀",수,진료없음,"외과 장지영선생님의 진료분야는 (외상외과)입원중환자외상외과,shock&traumateam외상학,중환자의학,신속대응팀이며 진료가능한 진료일정은 (오전) 수, (오후) 진료없음입니다."
외과,이성호,"입원중환자외상외과,shock&traumateam입원전담전문의,외상학,중환자의학,신속대응팀",진료없음,진료없음,"외과 이성호선생님의 진료분야는 입원중환자외상외과,shock&traumateam입원전담전문의,외상학,중환자의학,신속대응팀이며 진료가능한 진료일정은 (오전) 진료없음, (오후) 진료없음입니다."
외과,정성우,"(대장항문외과)대장직장암,대장항문질환,복강경&로봇수술,암센터,대장항문클리닉,염증성장질환클리닉","화,토(순환)",진료없음,"외과 정성우선생님의 진료분야는 (대장항문외과)대장직장암,대장항문질환,복강경&로봇수술,암센터,대장항문클리닉,염증성장질환클리닉이며 진료가능한 진료일정은 (오전) 화,토(순환), (오후) 진료없음입니다."
외과,최서희,"(위장관외과)위암,소화기암,소화기질환,일반외과질환,비만대사수술,복강경&로봇수술,암센터",토(순환),수,"외과 최서희선생님의 진료분야는 (위장관외과)위암,소화기암,소화기질환,일반외과질환,비만대사수술,복강경&로봇수술,암센터이며 진료가능한 진료일정은 (오전) 토(순환), (오후) 수입니다."
외과,박관훈,"입원중환자외상외과,shock&traumateam입원전담전문의,외상학,중환자의학,신속대응팀",진료없음,진료없음,"외과 박관훈선생님의 진료분야는 입원중환자외상외과,shock&traumateam입원전담전문의,외상학,중환자의학,신속대응팀이며 진료가능한 진료일정은 (오전) 진료없음, (오후) 진료없음입니다."
외과,이강윤,"입원중환자외상외과,shock&traumateam입원전담전문의,외상학,중환자의학,신속대응팀",진료없음,진료없음,"외과 이강윤선생님의 진료분야는 입원중환자외상외과,shock&traumateam입원전담전문의,외상학,중환자의학,신속대응팀이며 진료가능한 진료일정은 (오전) 진료없음, (오후) 진료없음입니다."
외과,전호종,"소아탈장,설소대,소아급성외과질환,선천성질환,소아종괴,난치성위식도역류질환(위루관수술)및일반외과질환,복강경수술","화,수","월,금","외과 전호종선생님의 진료분야는 소아탈장,설소대,소아급성외과질환,선천성질환,소아종괴,난치성위식도역류질환(위루관수술)및일반외과질환,복강경수술이며 진료가능한 진료일정은 (오전) 화,수, (오후) 월,금입니다."
외과,최동빈,"입원중환자외상외과,shock&traumateam입원전담전문의,외상학,중환자의학,신속대응팀",진료없음,진료없음,"외과 최동빈선생님의 진료분야는 입원중환자외상외과,shock&traumateam입원전담전문의,외상학,중환자의학,신속대응팀이며 진료가능한 진료일정은 (오전) 진료없음, (오후) 진료없음입니다."
유전클리닉,유종하,"유전상담,유전자검사,염색체검사,유전질환가족검사,친자확인검사,유전클리닉",금,화,"유전클리닉 유종하선생님의 진료분야는 유전상담,유전자검사,염색체검사,유전질환가족검사,친자확인검사,유전클리닉이며 진료가능한 진료일정은 (오전) 금, (오후) 화입니다."
응급의학과,정상원,"외상학,독성학,의학교육,응급의료센터",진료없음,진료없음,"응급의학과 정상원선생님의 진료분야는 외상학,독성학,의학교육,응급의료센터이며 진료가능한 진료일정은 (오전) 진료없음, (오후) 진료없음입니다."
응급의학과,박원녕,"심폐소생술,기도관리,교육,응급의료센터",진료없음,진료없음,"응급의학과 박원녕선생님의 진료분야는 심폐소생술,기도관리,교육,응급의료센터이며 진료가능한 진료일정은 (오전) 진료없음, (오후) 진료없음입니다."
응급의학과,이신호,"응급의학,의학Simulation교육,응급의료센터",진료없음,진료없음,"응급의학과 이신호선생님의 진료분야는 응급의학,의학Simulation교육,응급의료센터이며 진료가능한 진료일정은 (오전) 진료없음, (오후) 진료없음입니다."
응급의학과,김건배,"심폐소생술,독성학,응급의료센터",진료없음,진료없음,"응급의학과 김건배선생님의 진료분야는 심폐소생술,독성학,응급의료센터이며 진료가능한 진료일정은 (오전) 진료없음, (오후) 진료없음입니다."
응급의학과,김승환,"재난의학,소생의학,응급의료센터",진료없음,진료없음,"응급의학과 김승환선생님의 진료분야는 재난의학,소생의학,응급의료센터이며 진료가능한 진료일정은 (오전) 진료없음, (오후) 진료없음입니다."
응급의학과,민하나,"응급의학,응급의료센터",진료없음,진료없음,"응급의학과 민하나선생님의 진료분야는 응급의학,응급의료센터이며 진료가능한 진료일정은 (오전) 진료없음, (오후) 진료없음입니다."
응급의학과,윤봉식,"소아응급,응급의료센터",진료없음,진료없음,"응급의학과 윤봉식선생님의 진료분야는 소아응급,응급의료센터이며 진료가능한 진료일정은 (오전) 진료없음, (오후) 진료없음입니다."
응급의학과,윤병석,"응급의학,응급의료센터",진료없음,진료없음,"응급의학과 윤병석선생님의 진료분야는 응급의학,응급의료센터이며 진료가능한 진료일정은 (오전) 진료없음, (오후) 진료없음입니다."
응급의학과,인상국,"응급의학,응급의료센터",진료없음,진료없음,"응급의학과 인상국선생님의 진료분야는 응급의학,응급의료센터이며 진료가능한 진료일정은 (오전) 진료없음, (오후) 진료없음입니다."
응급의학과,한세희,"응급의학,응급의료센터",진료없음,진료없음,"응급의학과 한세희선생님의 진료분야는 응급의학,응급의료센터이며 진료가능한 진료일정은 (오전) 진료없음, (오후) 진료없음입니다."
이비인후과,장정현,"코질환(비염,부비동염,코골이),수면클리닉","화,수,목",화,"이비인후과 장정현선생님의 진료분야는 코질환(비염,부비동염,코골이),수면클리닉이며 진료가능한 진료일정은 (오전) 화,수,목, (오후) 화입니다."
이비인후과,최현승,"귀질환(어지러움증,중이염,난청,인공와우이식술),소아이비인후과(귀,편도아데노이드제거수술)","수,금","월,화","이비인후과 최현승선생님의 진료분야는 귀질환(어지러움증,중이염,난청,인공와우이식술),소아이비인후과(귀,편도아데노이드제거수술)이며 진료가능한 진료일정은 (오전) 수,금, (오후) 월,화입니다."
이비인후과,정준희,"귀질환(어지럼증,중이염,진주종성중이염,이명,난청,안면신경질환,이관기능장애,이관풍선확장술)","화,목,토(순환)","수,목","이비인후과 정준희선생님의 진료분야는 귀질환(어지럼증,중이염,진주종성중이염,이명,난청,안면신경질환,이관기능장애,이관풍선확장술)이며 진료가능한 진료일정은 (오전) 화,목,토(순환), (오후) 수,목입니다."
이비인후과,정효진,"코질환(비염,코피),후각클리닉(월요일),수면클리닉,후각&미각질환","월,금,토(순환)","월,수","이비인후과 정효진선생님의 진료분야는 코질환(비염,코피),후각클리닉(월요일),수면클리닉,후각&미각질환이며 진료가능한 진료일정은 (오전) 월,금,토(순환), (오후) 월,수입니다."
이비인후과,김지훈,"후두음성질환,갑상선-두경부종양(로봇수술),구강및침샘질환","월,목,토(순환)","화,금","이비인후과 김지훈선생님의 진료분야는 후두음성질환,갑상선-두경부종양(로봇수술),구강및침샘질환이며 진료가능한 진료일정은 (오전) 월,목,토(순환), (오후) 화,금입니다."
이비인후과,임길채,"갑상선-침샘종양,두경부암,후두음성질환,편도질환","금,토(순환)","월,수,목","이비인후과 임길채선생님의 진료분야는 갑상선-침샘종양,두경부암,후두음성질환,편도질환이며 진료가능한 진료일정은 (오전) 금,토(순환), (오후) 월,수,목입니다."
재활의학과,김성우,"소아재활,발달지연,※공공어린이재활병원,재활치료센터",월,수,"재활의학과 김성우선생님의 진료분야는 소아재활,발달지연,※공공어린이재활병원,재활치료센터이며 진료가능한 진료일정은 (오전) 월, (오후) 수입니다."
재활의학과,김형섭,"통증,보툴리눔독소시술※치매예방센터(재활)-뇌졸중,외상성뇌손상,치매재활,인지장애재활,보행장애,재활치료센터,치매예방센터",목,화,"재활의학과 김형섭선생님의 진료분야는 통증,보툴리눔독소시술※치매예방센터(재활)-뇌졸중,외상성뇌손상,치매재활,인지장애재활,보행장애,재활치료센터,치매예방센터이며 진료가능한 진료일정은 (오전) 목, (오후) 화입니다."
재활의학과,전하라,"척수손상,암재활,림프부종,척추측만증,절단재활,족부클리닉(화요일),통증※국외연수(2023.9.1~2024.8.31),암센터,재활치료센터,족부클리닉","월,화,금,토(순환)",월,"재활의학과 전하라선생님의 진료분야는 척수손상,암재활,림프부종,척추측만증,절단재활,족부클리닉(화요일),통증※국외연수(2023.9.1~2024.8.31),암센터,재활치료센터,족부클리닉이며 진료가능한 진료일정은 (오전) 월,화,금,토(순환), (오후) 월입니다."
재활의학과,이장우,"심장,호흡재활,근골격계질환,통증,소아호흡재활,성인족부(화요일),심뇌혈관질환센터,재활치료센터","화,수,금,토(순환)",목,"재활의학과 이장우선생님의 진료분야는 심장,호흡재활,근골격계질환,통증,소아호흡재활,성인족부(화요일),심뇌혈관질환센터,재활치료센터이며 진료가능한 진료일정은 (오전) 화,수,금,토(순환), (오후) 목입니다."
재활의학과,홍승빈,"소아재활,발달지연,미숙아/고위험영유아추적관찰,※공공어린이재활병원,재활치료센터,발달지연클리닉","수,목,토(순환)",금,"재활의학과 홍승빈선생님의 진료분야는 소아재활,발달지연,미숙아/고위험영유아추적관찰,※공공어린이재활병원,재활치료센터,발달지연클리닉이며 진료가능한 진료일정은 (오전) 수,목,토(순환), (오후) 금입니다."
재활의학과,이하림,"소아재활,발달지연,소아사경/사두,소아족부(학령전기-화요일)※공공어린이재활병원,암센터,재활치료센터","화,수,토(순환)","월,목","재활의학과 이하림선생님의 진료분야는 소아재활,발달지연,소아사경/사두,소아족부(학령전기-화요일)※공공어린이재활병원,암센터,재활치료센터이며 진료가능한 진료일정은 (오전) 화,수,토(순환), (오후) 월,목입니다."
재활의학과,방명환,"뇌졸중,뇌손상,연하장애,통증","월,토(순환)","월,수,금","재활의학과 방명환선생님의 진료분야는 뇌졸중,뇌손상,연하장애,통증이며 진료가능한 진료일정은 (오전) 월,토(순환), (오후) 월,수,금입니다."
정신건강의학과,이병욱,"중독,우울증,불안장애,조현병,중독통합치료센터",월,수,"정신건강의학과 이병욱선생님의 진료분야는 중독,우울증,불안장애,조현병,중독통합치료센터이며 진료가능한 진료일정은 (오전) 월, (오후) 수입니다."
정신건강의학과,송정은,"소아청소년정신의학,발달지연클리닉",수,"월,금","정신건강의학과 송정은선생님의 진료분야는 소아청소년정신의학,발달지연클리닉이며 진료가능한 진료일정은 (오전) 수, (오후) 월,금입니다."
정신건강의학과,이정석,"노인정신의학,조현병,불안장애,기억력장애,우울증,수면장애,기질성정신장애,치매예방센터",수,화,"정신건강의학과 이정석선생님의 진료분야는 노인정신의학,조현병,불안장애,기억력장애,우울증,수면장애,기질성정신장애,치매예방센터이며 진료가능한 진료일정은 (오전) 수, (오후) 화입니다."
정신건강의학과,박재섭,"공황(불안장애),우울/조울(기분장애),암스트레스,암스트레스클리닉","화,목,금,토(순환)",화,"정신건강의학과 박재섭선생님의 진료분야는 공황(불안장애),우울/조울(기분장애),암스트레스,암스트레스클리닉이며 진료가능한 진료일정은 (오전) 화,목,금,토(순환), (오후) 화입니다."
정신건강의학과,박선영,"우울증,불안장애,스트레스,양극성정동장애","월,수,금,토(순환)",월,"정신건강의학과 박선영선생님의 진료분야는 우울증,불안장애,스트레스,양극성정동장애이며 진료가능한 진료일정은 (오전) 월,수,금,토(순환), (오후) 월입니다."
정신건강의학과,안재은,"소아청소년정신의학,중독통합치료,성인ADHD,중독통합치료센터","목,토(순환)","목,금","정신건강의학과 안재은선생님의 진료분야는 소아청소년정신의학,중독통합치료,성인ADHD,중독통합치료센터이며 진료가능한 진료일정은 (오전) 목,토(순환), (오후) 목,금입니다."
정신건강의학과,고강,"노인정신의학,알츠하이머병,인지장애,노인우울증,조현병,불면,기질성정신장애,치매예방센터",화,"월,금","정신건강의학과 고강선생님의 진료분야는 노인정신의학,알츠하이머병,인지장애,노인우울증,조현병,불면,기질성정신장애,치매예방센터이며 진료가능한 진료일정은 (오전) 화, (오후) 월,금입니다."
정형외과,이윤태,관절경.스포츠의학,"화,목",진료없음,"정형외과 이윤태선생님의 진료분야는 관절경.스포츠의학이며 진료가능한 진료일정은 (오전) 화,목, (오후) 진료없음입니다."
정형외과,오현철,"인공관절,고관절질환,인공관절센터,골다공증클리닉","수,금",월,"정형외과 오현철선생님의 진료분야는 인공관절,고관절질환,인공관절센터,골다공증클리닉이며 진료가능한 진료일정은 (오전) 수,금, (오후) 월입니다."
정형외과,하중원,"척추(허리)디스크질환,척추관협착증,척추전방전위증,노인척추질환,척추재수술","월,목",진료없음,"정형외과 하중원선생님의 진료분야는 척추(허리)디스크질환,척추관협착증,척추전방전위증,노인척추질환,척추재수술이며 진료가능한 진료일정은 (오전) 월,목, (오후) 진료없음입니다."
정형외과,박융,"경추(목)디스크질환,척추분리증및전방전위증,척추관협착증,최소침습척추수술,최소침습척추클리닉","수,금",월,"정형외과 박융선생님의 진료분야는 경추(목)디스크질환,척추분리증및전방전위증,척추관협착증,최소침습척추수술,최소침습척추클리닉이며 진료가능한 진료일정은 (오전) 수,금, (오후) 월입니다."
정형외과,윤한국,"골반골절,대퇴부골절,하퇴부(경골,비골)골절<무릎제외>,골다공증","화,수,토(순환)",수,"정형외과 윤한국선생님의 진료분야는 골반골절,대퇴부골절,하퇴부(경골,비골)골절<무릎제외>,골다공증이며 진료가능한 진료일정은 (오전) 화,수,토(순환), (오후) 수입니다."
정형외과,박상훈,"관절경,인공관절치환술,스포츠의학,슬관절질환,인공관절센터","화,목",목,"정형외과 박상훈선생님의 진료분야는 관절경,인공관절치환술,스포츠의학,슬관절질환,인공관절센터이며 진료가능한 진료일정은 (오전) 화,목, (오후) 목입니다."
정형외과,김성훈,"어깨및팔꿈치관절질환,스포츠손상및외상,관절경,인공관절치환술,어깨재수술,인공관절센터",화,"화,수","정형외과 김성훈선생님의 진료분야는 어깨및팔꿈치관절질환,스포츠손상및외상,관절경,인공관절치환술,어깨재수술,인공관절센터이며 진료가능한 진료일정은 (오전) 화, (오후) 화,수입니다."
정형외과,박민정,소아.변형교정.족부질환(당뇨족부및혈관관련질환).외상※국외연수(2023.11.15~2024.9.30),금,"화,금","정형외과 박민정선생님의 진료분야는 소아.변형교정.족부질환(당뇨족부및혈관관련질환).외상※국외연수(2023.11.15~2024.9.30)이며 진료가능한 진료일정은 (오전) 금, (오후) 화,금입니다."
정형외과,이준구,"수부,상지질환및외상.미세수술.상지스포츠손상및관절경",수,"화,목","정형외과 이준구선생님의 진료분야는 수부,상지질환및외상.미세수술.상지스포츠손상및관절경이며 진료가능한 진료일정은 (오전) 수, (오후) 화,목입니다."
정형외과,신재원,"경추(목)디스크질환.척추분리증및전방전위증.척추관협착증.최소침습척추수술,척추종양,암센터",월,수,"정형외과 신재원선생님의 진료분야는 경추(목)디스크질환.척추분리증및전방전위증.척추관협착증.최소침습척추수술,척추종양,암센터이며 진료가능한 진료일정은 (오전) 월, (오후) 수입니다."
정형외과,홍기범,"슬관절질환(퇴행성관절염,인공관절수술),고관절질환및외상",월,"월,금","정형외과 홍기범선생님의 진료분야는 슬관절질환(퇴행성관절염,인공관절수술),고관절질환및외상이며 진료가능한 진료일정은 (오전) 월, (오후) 월,금입니다."
정형외과,최기홍,정형외과일반,토(순환),금(순환),"정형외과 최기홍선생님의 진료분야는 정형외과일반이며 진료가능한 진료일정은 (오전) 토(순환), (오후) 금(순환)입니다."
정형외과,이창민,정형외과일반,토(순환),"목(순환),금(순환)","정형외과 이창민선생님의 진료분야는 정형외과일반이며 진료가능한 진료일정은 (오전) 토(순환), (오후) 목(순환),금(순환)입니다."
정형외과,김상호,정형외과일반,토(순환),금(순환),"정형외과 김상호선생님의 진료분야는 정형외과일반이며 진료가능한 진료일정은 (오전) 토(순환), (오후) 금(순환)입니다."
정형외과,이구연,정형외과일반,토(순환),금(순환),"정형외과 이구연선생님의 진료분야는 정형외과일반이며 진료가능한 진료일정은 (오전) 토(순환), (오후) 금(순환)입니다."
종양혈액내과,김용태,"종양,항암약물치료(폐/위/식도/두경부/부인/비뇨기암/기타고형암),암센터","화,수,목,금,토(순환)","화(격주2.4주),수","종양혈액내과 김용태선생님의 진료분야는 종양,항암약물치료(폐/위/식도/두경부/부인/비뇨기암/기타고형암),암센터이며 진료가능한 진료일정은 (오전) 화,수,목,금,토(순환), (오후) 화(격주2.4주),수입니다."
종양혈액내과,장명희,"빈혈,악성림프종,백혈병,다발골수종,출혈성질환,암센터","월,화,목,금(격주1,3주),토(순환)","화,목","종양혈액내과 장명희선생님의 진료분야는 빈혈,악성림프종,백혈병,다발골수종,출혈성질환,암센터이며 진료가능한 진료일정은 (오전) 월,화,목,금(격주1,3주),토(순환), (오후) 화,목입니다."
종양혈액내과,홍수정,"대장암,유방암,노인암항암약물치료,암센터","월,화,수,금,토(순환)","월,금(격주1,3주)","종양혈액내과 홍수정선생님의 진료분야는 대장암,유방암,노인암항암약물치료,암센터이며 진료가능한 진료일정은 (오전) 월,화,수,금,토(순환), (오후) 월,금(격주1,3주)입니다."
종양혈액내과,허자윤,"고형암,진행성및전이성의항암약물치료,예방접종후혈전클리닉※국외연수(2023.3.1~2024.2.29),암센터,노년기암클리닉,암생존자클리닉","수,목,토(순환)","월,수,목,금(격주2,4주)","종양혈액내과 허자윤선생님의 진료분야는 고형암,진행성및전이성의항암약물치료,예방접종후혈전클리닉※국외연수(2023.3.1~2024.2.29),암센터,노년기암클리닉,암생존자클리닉이며 진료가능한 진료일정은 (오전) 수,목,토(순환), (오후) 월,수,목,금(격주2,4주)입니다."
종합검진센터,심주은,"초음파검사,영상결과판독",진료없음,진료없음,"종합검진센터 심주은선생님의 진료분야는 초음파검사,영상결과판독이며 진료가능한 진료일정은 (오전) 진료없음, (오후) 진료없음입니다."
종합검진센터,허남윤,"초음파검사,영상결과판독",진료없음,진료없음,"종합검진센터 허남윤선생님의 진료분야는 초음파검사,영상결과판독이며 진료가능한 진료일정은 (오전) 진료없음, (오후) 진료없음입니다."
종합검진센터,조경희,"문진,건강검진판정및결과상담,어르신클리닉",진료없음,진료없음,"종합검진센터 조경희선생님의 진료분야는 문진,건강검진판정및결과상담,어르신클리닉이며 진료가능한 진료일정은 (오전) 진료없음, (오후) 진료없음입니다."
종합검진센터,이상현,"문진,건강검진판정및결과상담",진료없음,진료없음,"종합검진센터 이상현선생님의 진료분야는 문진,건강검진판정및결과상담이며 진료가능한 진료일정은 (오전) 진료없음, (오후) 진료없음입니다."
종합검진센터,최영은,"문진,건강검진판정및결과상담,비만클리닉",진료없음,진료없음,"종합검진센터 최영은선생님의 진료분야는 문진,건강검진판정및결과상담,비만클리닉이며 진료가능한 진료일정은 (오전) 진료없음, (오후) 진료없음입니다."
종합검진센터,박성배,"문진,건강검진판정및결과상담,암센터,암평생건강클리닉",진료없음,진료없음,"종합검진센터 박성배선생님의 진료분야는 문진,건강검진판정및결과상담,암센터,암평생건강클리닉이며 진료가능한 진료일정은 (오전) 진료없음, (오후) 진료없음입니다."
종합검진센터,박영민,"문진,건강검진판정및결과상담,암센터,암평생건강클리닉",진료없음,진료없음,"종합검진센터 박영민선생님의 진료분야는 문진,건강검진판정및결과상담,암센터,암평생건강클리닉이며 진료가능한 진료일정은 (오전) 진료없음, (오후) 진료없음입니다."
종합검진센터,문한빛,"문진,건강검진판정및결과상담",진료없음,진료없음,"종합검진센터 문한빛선생님의 진료분야는 문진,건강검진판정및결과상담이며 진료가능한 진료일정은 (오전) 진료없음, (오후) 진료없음입니다."
종합검진센터,서종욱,"부인과초음파및검진,난임센터,암센터,갱년기여성클리닉",진료없음,진료없음,"종합검진센터 서종욱선생님의 진료분야는 부인과초음파및검진,난임센터,암센터,갱년기여성클리닉이며 진료가능한 진료일정은 (오전) 진료없음, (오후) 진료없음입니다."
종합검진센터,윤지선,"부인과초음파및검진,신생아통합치료센터,난임센터",진료없음,진료없음,"종합검진센터 윤지선선생님의 진료분야는 부인과초음파및검진,신생아통합치료센터,난임센터이며 진료가능한 진료일정은 (오전) 진료없음, (오후) 진료없음입니다."
종합검진센터,조혜정,"부인과초음파및검진,신생아통합치료센터",진료없음,진료없음,"종합검진센터 조혜정선생님의 진료분야는 부인과초음파및검진,신생아통합치료센터이며 진료가능한 진료일정은 (오전) 진료없음, (오후) 진료없음입니다."
종합검진센터,이연호,"위,대장내시경",진료없음,진료없음,"종합검진센터 이연호선생님의 진료분야는 위,대장내시경이며 진료가능한 진료일정은 (오전) 진료없음, (오후) 진료없음입니다."
중독 통합치료센터(정신),이병욱,"알코올의존,알코올인지행동치료,중독통합치료센터",화,목,"중독 통합치료센터(정신) 이병욱선생님의 진료분야는 알코올의존,알코올인지행동치료,중독통합치료센터이며 진료가능한 진료일정은 (오전) 화, (오후) 목입니다."
중독 통합치료센터(정신),안재은,"알코올의존,알코올인지행동치료,중독통합치료센터",월,수,"중독 통합치료센터(정신) 안재은선생님의 진료분야는 알코올의존,알코올인지행동치료,중독통합치료센터이며 진료가능한 진료일정은 (오전) 월, (오후) 수입니다."
진단검사의학과,김영아,"임상미생물학,감염분자유전학",진료없음,진료없음,"진단검사의학과 김영아선생님의 진료분야는 임상미생물학,감염분자유전학이며 진료가능한 진료일정은 (오전) 진료없음, (오후) 진료없음입니다."
진단검사의학과,유종하,"진단혈액학,진단면역학,유전상담,유전클리닉",진료없음,진료없음,"진단검사의학과 유종하선생님의 진료분야는 진단혈액학,진단면역학,유전상담,유전클리닉이며 진료가능한 진료일정은 (오전) 진료없음, (오후) 진료없음입니다."
진단검사의학과,김반석,"수혈의학,분자유전학",진료없음,진료없음,"진단검사의학과 김반석선생님의 진료분야는 수혈의학,분자유전학이며 진료가능한 진료일정은 (오전) 진료없음, (오후) 진료없음입니다."
진단검사의학과,노경호,"임상화학,자동화검사,체외진단의료기기허가심사",진료없음,진료없음,"진단검사의학과 노경호선생님의 진료분야는 임상화학,자동화검사,체외진단의료기기허가심사이며 진료가능한 진료일정은 (오전) 진료없음, (오후) 진료없음입니다."
진단검사의학과,허진호,"차세대염기서열분석,수탁검사",진료없음,진료없음,"진단검사의학과 허진호선생님의 진료분야는 차세대염기서열분석,수탁검사이며 진료가능한 진료일정은 (오전) 진료없음, (오후) 진료없음입니다."
치과,김문기,"구강악안면외과)구강종양,악교정수술,임플란트","월,금,토(순환)","월,화,수,목,금","치과 김문기선생님의 진료분야는 구강악안면외과)구강종양,악교정수술,임플란트이며 진료가능한 진료일정은 (오전) 월,금,토(순환), (오후) 월,화,수,목,금입니다."
치과,강상훈,"구강악안면외과)난발치,임플란트","화,수,목,금,토(순환)","월,수,금","치과 강상훈선생님의 진료분야는 구강악안면외과)난발치,임플란트이며 진료가능한 진료일정은 (오전) 화,수,목,금,토(순환), (오후) 월,수,금입니다."
치과,윤준호,"보철과)심미보철,임플란트","월,화,수,목,금,토(순환)","월,수,목","치과 윤준호선생님의 진료분야는 보철과)심미보철,임플란트이며 진료가능한 진료일정은 (오전) 월,화,수,목,금,토(순환), (오후) 월,수,목입니다."
치과,이지연,"교정과)예방교정,성인교정,설측교정,수술교정,심미교정","화,수,목,토(순환)","월,화,수,금","치과 이지연선생님의 진료분야는 교정과)예방교정,성인교정,설측교정,수술교정,심미교정이며 진료가능한 진료일정은 (오전) 화,수,목,토(순환), (오후) 월,화,수,금입니다."
치과,김정훈,"교정과)예방교정,성인교정,설측교정,수술교정,심미교정","월,화,수,금,토(순환)","월,수,목,금","치과 김정훈선생님의 진료분야는 교정과)예방교정,성인교정,설측교정,수술교정,심미교정이며 진료가능한 진료일정은 (오전) 월,화,수,금,토(순환), (오후) 월,수,목,금입니다."
치과,김영택,"치주과)치주수술,잇몸성형수술,치주재건수술(골재생),임플란트치료,성인치과임상","월,화,수,목,금,토(순환)","월,화,목","치과 김영택선생님의 진료분야는 치주과)치주수술,잇몸성형수술,치주재건수술(골재생),임플란트치료,성인치과임상이며 진료가능한 진료일정은 (오전) 월,화,수,목,금,토(순환), (오후) 월,화,목입니다."
치과,이보아,"치주과)치주수술,잇몸성형수술,치주재건수술(골재생),임플란트치료,성인치과임상","월,화,수,금,토(순환)","화,수,목,금","치과 이보아선생님의 진료분야는 치주과)치주수술,잇몸성형수술,치주재건수술(골재생),임플란트치료,성인치과임상이며 진료가능한 진료일정은 (오전) 월,화,수,금,토(순환), (오후) 화,수,목,금입니다."
치과,조신연,"보존과)치아이식,근관치료,심미수복","월,화,수,목,금,토(순환)","화,목,금","치과 조신연선생님의 진료분야는 보존과)치아이식,근관치료,심미수복이며 진료가능한 진료일정은 (오전) 월,화,수,목,금,토(순환), (오후) 화,목,금입니다."
치과,유진주,"보철과)심미보철,임플란트","월,수,목,금,토(순환)","월,화,수,금","치과 유진주선생님의 진료분야는 보철과)심미보철,임플란트이며 진료가능한 진료일정은 (오전) 월,수,목,금,토(순환), (오후) 월,화,수,금입니다."
치과,신보경,"보존과)치아이식,근관치료,심미수복","월,화,수,목,금,토(순환)","월,수,목","치과 신보경선생님의 진료분야는 보존과)치아이식,근관치료,심미수복이며 진료가능한 진료일정은 (오전) 월,화,수,목,금,토(순환), (오후) 월,수,목입니다."
치매예방센터,신경47,이준홍,"치매,기억장애,혈관성치매,치매예방센터","화,목","치매예방센터 신경47선생님의 진료분야는 이준홍이며 진료가능한 진료일정은 (오전) 치매,기억장애,혈관성치매,치매예방센터, (오후) 화,목입니다."
치매예방센터,신경47,김종헌,"기억장애,알츠하이머치매,유전성치매,혈관성치매,치매예방센터",수,"치매예방센터 신경47선생님의 진료분야는 김종헌이며 진료가능한 진료일정은 (오전) 기억장애,알츠하이머치매,유전성치매,혈관성치매,치매예방센터, (오후) 수입니다."
치매예방센터,신경47,이지은,"치매,기억장애,파킨슨치매,치매예방센터,파킨슨병및운동장애클리닉",진료없음,"치매예방센터 신경47선생님의 진료분야는 이지은이며 진료가능한 진료일정은 (오전) 치매,기억장애,파킨슨치매,치매예방센터,파킨슨병및운동장애클리닉, (오후) 진료없음입니다."
치매예방센터,재활49,김형섭,"뇌졸중,외상성뇌손상,치매재활,인지장애재활,보행장애,재활치료센터,치매예방센터",화,"치매예방센터 재활49선생님의 진료분야는 김형섭이며 진료가능한 진료일정은 (오전) 뇌졸중,외상성뇌손상,치매재활,인지장애재활,보행장애,재활치료센터,치매예방센터, (오후) 화입니다."
치매예방센터,정신48,이정석,"알츠하이머치매,기억력장애,수면장애,치매예방센터",월,"치매예방센터 정신48선생님의 진료분야는 이정석이며 진료가능한 진료일정은 (오전) 알츠하이머치매,기억력장애,수면장애,치매예방센터, (오후) 월입니다."
치매예방센터,정신48,고강,"알츠하이머치매,기억력장애,경도인지장애,노년기수면장애,치매예방센터",금,"치매예방센터 정신48선생님의 진료분야는 고강이며 진료가능한 진료일정은 (오전) 알츠하이머치매,기억력장애,경도인지장애,노년기수면장애,치매예방센터, (오후) 금입니다."
통증클리닉,안은경,"두통,요통,디스크성통증,오십견,대상포진,신경통,특수신경차단클리닉,통증클리닉",월,진료없음,"통증클리닉 안은경선생님의 진료분야는 두통,요통,디스크성통증,오십견,대상포진,신경통,특수신경차단클리닉,통증클리닉이며 진료가능한 진료일정은 (오전) 월, (오후) 진료없음입니다."
통증클리닉,조정구,"두통,요통,디스크성통증,오십견,대상포진,신경통,특수신경차단클리닉,통증클리닉","화,금",화,"통증클리닉 조정구선생님의 진료분야는 두통,요통,디스크성통증,오십견,대상포진,신경통,특수신경차단클리닉,통증클리닉이며 진료가능한 진료일정은 (오전) 화,금, (오후) 화입니다."
통증클리닉,강연승,"두통,요통,디스크성통증,오십견,대상포진,신경통,특수신경차단클리닉,통증클리닉",목,"월,목","통증클리닉 강연승선생님의 진료분야는 두통,요통,디스크성통증,오십견,대상포진,신경통,특수신경차단클리닉,통증클리닉이며 진료가능한 진료일정은 (오전) 목, (오후) 월,목입니다."
통증클리닉,권태동,"두통,요통,디스크통증,오십견,대상포진,신경통,특수신경차단클리닉,통증클리닉",수,"수,금","통증클리닉 권태동선생님의 진료분야는 두통,요통,디스크통증,오십견,대상포진,신경통,특수신경차단클리닉,통증클리닉이며 진료가능한 진료일정은 (오전) 수, (오후) 수,금입니다."
통합내과,윤세정,내과적만성복합성질환의통합적입원진료,진료없음,진료없음,"통합내과 윤세정선생님의 진료분야는 내과적만성복합성질환의통합적입원진료이며 진료가능한 진료일정은 (오전) 진료없음, (오후) 진료없음입니다."
통합내과,이미솔,내과적만성복합성질환의통합적입원진료,진료없음,진료없음,"통합내과 이미솔선생님의 진료분야는 내과적만성복합성질환의통합적입원진료이며 진료가능한 진료일정은 (오전) 진료없음, (오후) 진료없음입니다."
통합내과,최아라,내과적만성복합성질환의통합적입원진료,진료없음,진료없음,"통합내과 최아라선생님의 진료분야는 내과적만성복합성질환의통합적입원진료이며 진료가능한 진료일정은 (오전) 진료없음, (오후) 진료없음입니다."
피부과,김수민,소아및성인피부질환(레이저시술제외),"화,수,목,금","수,금","피부과 김수민선생님의 진료분야는 소아및성인피부질환(레이저시술제외)이며 진료가능한 진료일정은 (오전) 화,수,목,금, (오후) 수,금입니다."
피부과,조남준,"알레르기성피부질환,접촉성피부염","월,수,목,토(1,3주진료)","월,목","피부과 조남준선생님의 진료분야는 알레르기성피부질환,접촉성피부염이며 진료가능한 진료일정은 (오전) 월,수,목,토(1,3주진료), (오후) 월,목입니다."
피부과,이진욱,"아토피,습진,레이저(소아환자제외)","월,화,토(2,4주진료)","월,화,목","피부과 이진욱선생님의 진료분야는 아토피,습진,레이저(소아환자제외)이며 진료가능한 진료일정은 (오전) 월,화,토(2,4주진료), (오후) 월,화,목입니다."
핵의학과,김선정,갑상선암,"월,수",진료없음,"핵의학과 김선정선생님의 진료분야는 갑상선암이며 진료가능한 진료일정은 (오전) 월,수, (오후) 진료없음입니다."
호흡기알레르기내과,김정주,"천식,만성폐쇄성폐질환,결핵,만성폐쇄성폐질환클리닉","화,수,금","월,목","호흡기알레르기내과 김정주선생님의 진료분야는 천식,만성폐쇄성폐질환,결핵,만성폐쇄성폐질환클리닉이며 진료가능한 진료일정은 (오전) 화,수,금, (오후) 월,목입니다."
호흡기알레르기내과,이선민,"호흡기감염(결핵),중환자집중치료","월,화,금","수,목","호흡기알레르기내과 이선민선생님의 진료분야는 호흡기감염(결핵),중환자집중치료이며 진료가능한 진료일정은 (오전) 월,화,금, (오후) 수,목입니다."
호흡기알레르기내과,한창훈,"만성폐쇄성폐질환,폐암,암센터,만성폐쇄성폐질환클리닉",목,수,"호흡기알레르기내과 한창훈선생님의 진료분야는 만성폐쇄성폐질환,폐암,암센터,만성폐쇄성폐질환클리닉이며 진료가능한 진료일정은 (오전) 목, (오후) 수입니다."
호흡기알레르기내과,박선철,"폐암,특수기관지내시경,암센터","목,토(순환)","화,금","호흡기알레르기내과 박선철선생님의 진료분야는 폐암,특수기관지내시경,암센터이며 진료가능한 진료일정은 (오전) 목,토(순환), (오후) 화,금입니다."
호흡기알레르기내과,이정모,"중환자집중치료,만성폐질환",토(순환),월,"호흡기알레르기내과 이정모선생님의 진료분야는 중환자집중치료,만성폐질환이며 진료가능한 진료일정은 (오전) 토(순환), (오후) 월입니다."
호흡기알레르기내과,이상철,"천식,만성폐쇄성폐질환,폐암,알레르기클리닉,암센터","화,목,금,토(순환)",수,"호흡기알레르기내과 이상철선생님의 진료분야는 천식,만성폐쇄성폐질환,폐암,알레르기클리닉,암센터이며 진료가능한 진료일정은 (오전) 화,목,금,토(순환), (오후) 수입니다."
호흡기알레르기내과,지현우,"호흡기감염,만성폐쇄성폐질환,간질성폐질환,폐결절","월,수,토(순환)","화,금","호흡기알레르기내과 지현우선생님의 진료분야는 호흡기감염,만성폐쇄성폐질환,간질성폐질환,폐결절이며 진료가능한 진료일정은 (오전) 월,수,토(순환), (오후) 화,금입니다."
호흡기알레르기내과,이건인,"만성기침,만성호흡기질환",토(순환),"화,금","호흡기알레르기내과 이건인선생님의 진료분야는 만성기침,만성호흡기질환이며 진료가능한 진료일정은 (오전) 토(순환), (오후) 화,금입니다."
